{"cameraMode":{"drawMode":0,"name":"Shaded","section":"Shading Mode"},"sceneLighting":false,"audioPlay":false,"sceneViewState":{"showFog":true,"showMaterialUpdate":false,"showSkybox":false,"showFlares":true,"showImageEffects":true,"showParticleSystems":true},"in2DMode":false,"pivot":{"x":-0.8868519067764282,"y":0.5425081253051758,"z":0.15133680403232575},"rotation":{"x":-0.05024901404976845,"y":-0.9464736580848694,"z":0.1813492327928543,"w":-0.2622499465942383},"size":4.529850482940674,"orthographic":false}