{"cameraMode":{"drawMode":0,"name":"Shaded","section":"Shading Mode"},"sceneLighting":true,"audioPlay":false,"sceneViewState":{"showFog":false,"showMaterialUpdate":false,"showSkybox":false,"showFlares":false,"showImageEffects":false,"showParticleSystems":false},"in2DMode":false,"pivot":{"x":-4.04339599609375,"y":218.7842254638672,"z":-186.40354919433595},"rotation":{"x":-0.0638754740357399,"y":0.9178634285926819,"z":-0.1650303602218628,"w":-0.3552628755569458},"size":402.8912048339844,"orthographic":true}